{
  "results": [
    {
      "command": "./target/release/number_recognition",
      "mean": 9.116939403289996,
      "stddev": 0.23122225984060205,
      "median": 9.074006450919999,
      "user": 20.3034346,
      "system": 24.022181509999992,
      "min": 8.68050504442,
      "max": 9.65987966242,
      "times": [
        8.91791942142,
        9.40906873442,
        8.94341555642,
        9.03440226142,
        8.81651187942,
        8.80039667142,
        9.579435415419999,
        9.05207216342,
        9.10688452342,
        9.06149119242,
        9.21451377642,
        9.000363414419999,
        9.251337037419999,
        9.31373845642,
        8.81486763242,
        8.739428070419999,
        9.46454449142,
        9.137112092419999,
        8.90358472642,
        9.23376540942,
        8.92256946542,
        8.91820144642,
        8.99546281842,
        8.99256446842,
        9.44654930442,
        9.03876596342,
        9.111847514419999,
        8.921577449419999,
        9.191059361419999,
        9.08461625842,
        9.36227671342,
        9.35066439742,
        8.96572939342,
        9.08457114742,
        8.965179813419999,
        9.637206557419999,
        8.95713454042,
        9.15644907342,
        8.822017861419999,
        8.83970237442,
        9.11846997242,
        9.264296203419999,
        8.68050504442,
        8.76031481742,
        9.56141531542,
        9.05090451742,
        9.05329606742,
        9.39936062642,
        9.09522616142,
        8.86062362442,
        8.87795775542,
        9.22532646842,
        9.13765891342,
        9.00235364442,
        9.05338669042,
        9.04459414442,
        9.39708140142,
        9.65430800942,
        9.30525477342,
        8.948883778419999,
        9.01310542842,
        9.11390759442,
        9.46093310342,
        9.31681920042,
        9.63199903642,
        9.04484024542,
        9.06344175442,
        9.48172211342,
        9.05188260442,
        8.88224465742,
        8.846498047419999,
        8.93001494742,
        8.98503430942,
        9.48245292142,
        9.15918684042,
        8.93858151642,
        9.17006292942,
        9.11752962342,
        9.21505498742,
        8.78124248542,
        8.97361009542,
        8.74562465942,
        9.38128978742,
        9.178354517419999,
        9.192702646419999,
        9.10490409642,
        9.38717632642,
        9.65987966242,
        8.96771874142,
        9.31099990742,
        9.56251935842,
        9.10106742742,
        9.303116791419999,
        8.93247292642,
        9.15148941542,
        9.00368748542,
        8.82409284942,
        9.01469552442,
        9.18652373142,
        8.97524325442
      ],
      "memory_usage_byte": [
        643764224,
        643764224,
        643764224,
        643764224,
        643764224,
        643985408,
        645677056,
        645677056,
        645677056,
        645677056,
        645677056,
        645677056,
        645677056,
        645677056,
        645677056,
        645677056,
        645677056,
        645677056,
        645677056,
        645677056,
        645677056,
        645677056,
        645677056,
        648450048,
        648450048,
        648450048,
        648450048,
        648450048,
        648450048,
        648450048,
        648450048,
        648450048,
        648450048,
        648450048,
        648450048,
        648450048,
        648450048,
        648450048,
        648450048,
        648450048,
        648450048,
        648450048,
        648450048,
        648450048,
        648450048,
        648450048,
        648450048,
        648450048,
        648450048,
        648450048,
        648450048,
        648450048,
        648450048,
        648450048,
        648450048,
        648450048,
        648450048,
        648450048,
        648450048,
        648450048,
        648450048,
        648450048,
        648450048,
        648450048,
        648450048,
        648450048,
        648450048,
        648450048,
        648450048,
        648450048,
        648450048,
        648450048,
        648450048,
        648450048,
        648450048,
        648450048,
        648450048,
        648450048,
        648450048,
        648450048,
        648450048,
        648450048,
        648450048,
        648450048,
        648450048,
        648450048,
        648450048,
        648450048,
        648450048,
        648450048,
        648450048,
        648450048,
        648450048,
        648450048,
        648450048,
        648450048,
        648450048,
        648450048,
        648450048,
        648450048
      ],
      "exit_codes": [
        0,
        0,
        0,
        0,
        0,
        0,
        0,
        0,
        0,
        0,
        0,
        0,
        0,
        0,
        0,
        0,
        0,
        0,
        0,
        0,
        0,
        0,
        0,
        0,
        0,
        0,
        0,
        0,
        0,
        0,
        0,
        0,
        0,
        0,
        0,
        0,
        0,
        0,
        0,
        0,
        0,
        0,
        0,
        0,
        0,
        0,
        0,
        0,
        0,
        0,
        0,
        0,
        0,
        0,
        0,
        0,
        0,
        0,
        0,
        0,
        0,
        0,
        0,
        0,
        0,
        0,
        0,
        0,
        0,
        0,
        0,
        0,
        0,
        0,
        0,
        0,
        0,
        0,
        0,
        0,
        0,
        0,
        0,
        0,
        0,
        0,
        0,
        0,
        0,
        0,
        0,
        0,
        0,
        0,
        0,
        0,
        0,
        0,
        0,
        0
      ]
    }
  ]
}
