{
  "results": [
    {
      "command": "python3 main.py",
      "mean": 193.53786224702995,
      "stddev": 10.381493735069018,
      "median": 192.4008465641,
      "user": 228.20978961000012,
      "system": 0.8467958699999996,
      "min": 170.7906828821,
      "max": 221.7025921301,
      "times": [
        174.9020495981,
        178.2265570481,
        189.2063570061,
        196.71927826409998,
        189.2528775811,
        184.6948962201,
        195.1461271481,
        198.4811006391,
        207.2946563911,
        193.2303422391,
        191.2959141661,
        172.8259486891,
        187.4527796861,
        211.4132364391,
        211.7254349811,
        197.6293426581,
        173.38624437709998,
        202.1557411911,
        196.5312755181,
        186.4520460091,
        203.0272781001,
        198.5684359471,
        200.6193646621,
        221.7025921301,
        202.57836444309999,
        194.3190904381,
        185.8354287101,
        185.7722347981,
        193.7177667231,
        188.7993482421,
        195.6557072931,
        198.9746252061,
        190.7378032721,
        182.5343002251,
        204.1929195251,
        198.8424069431,
        189.9357841391,
        185.0261928731,
        191.0277834191,
        182.2309886131,
        207.9414606341,
        190.7497833461,
        185.3516530881,
        213.4482703981,
        186.48805190209998,
        203.0680318751,
        184.2922199151,
        212.8730026161,
        195.6381746121,
        202.0566327471,
        189.3736904861,
        174.6680173631,
        189.8576587941,
        186.4193099711,
        211.5724118091,
        203.1259475131,
        203.2087227431,
        201.6949486881,
        200.1430620941,
        183.9115587601,
        184.8582621511,
        192.4154081701,
        188.9431625611,
        199.1447237731,
        209.2612487881,
        188.0515605841,
        211.9769937381,
        203.9188262181,
        179.3070202801,
        196.6642008261,
        200.8460148081,
        198.8234749331,
        196.6064598441,
        195.1426630591,
        190.9705192361,
        170.7906828821,
        181.9013166991,
        188.7671445171,
        201.59613107709998,
        191.5403414601,
        186.58802677309998,
        193.1787728011,
        210.3778137301,
        182.7548316301,
        175.35734546609999,
        205.1762651661,
        187.9272410021,
        189.2257792551,
        184.45442441309999,
        187.7526801361,
        204.5911984571,
        208.0441557081,
        188.2506663411,
        199.7217018271,
        176.8253147371,
        187.4402408561,
        194.2155475891,
        184.71930535709998,
        192.3862849581,
        185.2692419841
      ],
      "exit_codes": [
        0,
        0,
        0,
        0,
        0,
        0,
        0,
        0,
        0,
        0,
        0,
        0,
        0,
        0,
        0,
        0,
        0,
        0,
        0,
        0,
        0,
        0,
        0,
        0,
        0,
        0,
        0,
        0,
        0,
        0,
        0,
        0,
        0,
        0,
        0,
        0,
        0,
        0,
        0,
        0,
        0,
        0,
        0,
        0,
        0,
        0,
        0,
        0,
        0,
        0,
        0,
        0,
        0,
        0,
        0,
        0,
        0,
        0,
        0,
        0,
        0,
        0,
        0,
        0,
        0,
        0,
        0,
        0,
        0,
        0,
        0,
        0,
        0,
        0,
        0,
        0,
        0,
        0,
        0,
        0,
        0,
        0,
        0,
        0,
        0,
        0,
        0,
        0,
        0,
        0,
        0,
        0,
        0,
        0,
        0,
        0,
        0,
        0,
        0,
        0
      ]
    }
  ]
}
