{
  "results": [
    {
      "command": "./target/release/number_recognition",
      "mean": 102.52101002073,
      "stddev": 11.70216697345299,
      "median": 106.7144429514,
      "user": 102.30960489999994,
      "system": 0.19756789000000002,
      "min": 88.49270184390001,
      "max": 125.40167853690001,
      "times": [
        89.1386170759,
        107.25114110790001,
        107.3253817299,
        89.1874431799,
        89.20998938790001,
        124.59999165590001,
        88.9668679729,
        107.2041593439,
        124.75451168090001,
        107.54348861790001,
        106.17497021690001,
        106.71370723090001,
        89.51096688290001,
        123.92657465890001,
        106.41742091290001,
        107.8089060469,
        89.0672115319,
        106.9800876159,
        124.5548200239,
        107.55838758590001,
        106.79239691490001,
        107.5600335629,
        107.1851988919,
        125.05107915490001,
        107.06261320990001,
        107.2855134709,
        89.2242425759,
        107.22544772890001,
        106.9156606809,
        107.53037260890001,
        89.18534596590001,
        107.41284280590001,
        106.7279568289,
        125.0293783009,
        107.27193314690001,
        89.0827337359,
        89.31490496590001,
        107.02060709790001,
        124.1484577299,
        106.34661606190001,
        88.8366244549,
        107.3274307819,
        106.74454101190001,
        89.47793908390001,
        124.6648304909,
        106.6321578389,
        124.74924765690001,
        89.0924756399,
        88.86632687890001,
        106.64445553290001,
        89.2199496659,
        107.3518862489,
        106.72636510790001,
        89.32614302590001,
        89.5097269269,
        107.0045679719,
        107.1459912049,
        106.98063401290001,
        107.1398675419,
        124.8151813299,
        89.1687193389,
        125.40167853690001,
        88.97455101790001,
        107.3220831319,
        89.1469574589,
        89.3004530979,
        89.17725629590001,
        106.70238218390001,
        106.57799312690001,
        89.0988493299,
        125.2396293199,
        88.5696586559,
        88.8050585129,
        106.7151786719,
        106.3777383089,
        107.1581997289,
        106.85734704490001,
        107.45487954590001,
        89.5662791589,
        89.65374225090001,
        106.8855864729,
        106.66518166590001,
        107.11961758390001,
        88.49270184390001,
        106.99466037090001,
        89.1447026369,
        106.4814204229,
        89.14513381190001,
        89.01811756890001,
        106.4151354419,
        89.12202561790001,
        89.50776262490001,
        89.0828351259,
        106.80612645490001,
        107.20220909490001,
        89.3442375499,
        106.51756289190001,
        89.3598771389,
        106.9177699799,
        89.0853807479
      ],
      "exit_codes": [
        0,
        0,
        0,
        0,
        0,
        0,
        0,
        0,
        0,
        0,
        0,
        0,
        0,
        0,
        0,
        0,
        0,
        0,
        0,
        0,
        0,
        0,
        0,
        0,
        0,
        0,
        0,
        0,
        0,
        0,
        0,
        0,
        0,
        0,
        0,
        0,
        0,
        0,
        0,
        0,
        0,
        0,
        0,
        0,
        0,
        0,
        0,
        0,
        0,
        0,
        0,
        0,
        0,
        0,
        0,
        0,
        0,
        0,
        0,
        0,
        0,
        0,
        0,
        0,
        0,
        0,
        0,
        0,
        0,
        0,
        0,
        0,
        0,
        0,
        0,
        0,
        0,
        0,
        0,
        0,
        0,
        0,
        0,
        0,
        0,
        0,
        0,
        0,
        0,
        0,
        0,
        0,
        0,
        0,
        0,
        0,
        0,
        0,
        0,
        0
      ]
    }
  ]
}
