{
  "results": [
    {
      "command": "./target/release/number_recognition",
      "mean": 44.27338272333999,
      "stddev": 4.440690744007843,
      "median": 45.87522603768,
      "user": 55.31708286999999,
      "system": 103.78259268000004,
      "min": 37.55764138618,
      "max": 54.78508726718,
      "times": [
        46.101544361180004,
        45.03676582418,
        38.989899184180004,
        46.60618409418,
        46.756477326180004,
        38.92288143418,
        38.07317120818,
        46.183387596180005,
        46.59850646118,
        45.08318605718,
        38.09954989618,
        53.12287740718,
        46.26519493318,
        46.73736761218,
        46.15465516518,
        46.59731580718,
        38.391771347180004,
        46.33550433018,
        46.37293413018,
        46.960570068180004,
        37.55764138618,
        45.559113754180004,
        38.80256521818,
        54.78508726718,
        46.179913550180004,
        48.55043345318,
        38.20054608718,
        44.96330033918,
        38.55897004018,
        45.69776308518,
        53.06179720018,
        45.73333314718,
        46.85270139918,
        37.75711088618,
        45.01257755018,
        46.226309618180004,
        46.47015129718,
        45.640916414180005,
        46.49490764518,
        47.01529974318,
        46.61523823518,
        39.086741117180004,
        38.87050900418,
        46.31168872218,
        37.87585537518,
        39.33003613518,
        38.93278879818,
        38.54772770318,
        46.10423037618,
        38.67468088018,
        39.00149725618,
        38.427894311180005,
        45.698064301180004,
        45.66265218518,
        46.76196640218,
        45.00546852418,
        45.99046883118,
        38.57536521618,
        37.83127284318,
        46.39619975218,
        45.49329127018,
        46.01023470618,
        45.03854819918,
        47.33100449418,
        46.442558050180004,
        37.70457998418,
        45.65798375718,
        39.27374198618,
        37.75765651818,
        45.67681095118,
        47.19995005418,
        38.41319764318,
        47.323254734180004,
        47.50215319318,
        53.82177899618,
        46.47128289118,
        38.53363504918,
        46.01378867718,
        47.01611342018,
        46.426056213180004,
        38.64213053318,
        52.83819339918,
        45.46076384818,
        46.64538047018,
        53.12194230618,
        38.75445412018,
        38.44142129418,
        47.34960050118,
        37.60928076418,
        38.97952247418,
        46.25922412918,
        38.74081863718,
        45.75998324418,
        46.70245032018,
        53.96038533018,
        45.52689394618,
        46.413230255180004,
        46.337826032180004,
        46.11885769918,
        46.35776294618
      ],
      "exit_codes": [
        0,
        0,
        0,
        0,
        0,
        0,
        0,
        0,
        0,
        0,
        0,
        0,
        0,
        0,
        0,
        0,
        0,
        0,
        0,
        0,
        0,
        0,
        0,
        0,
        0,
        0,
        0,
        0,
        0,
        0,
        0,
        0,
        0,
        0,
        0,
        0,
        0,
        0,
        0,
        0,
        0,
        0,
        0,
        0,
        0,
        0,
        0,
        0,
        0,
        0,
        0,
        0,
        0,
        0,
        0,
        0,
        0,
        0,
        0,
        0,
        0,
        0,
        0,
        0,
        0,
        0,
        0,
        0,
        0,
        0,
        0,
        0,
        0,
        0,
        0,
        0,
        0,
        0,
        0,
        0,
        0,
        0,
        0,
        0,
        0,
        0,
        0,
        0,
        0,
        0,
        0,
        0,
        0,
        0,
        0,
        0,
        0,
        0,
        0,
        0
      ]
    }
  ]
}
